[
  {
    "completions": [
      {
        "created_at": 1595404104,
        "id": 1,
        "lead_time": 175.958,
        "result": [
          {
            "from_name": "label",
            "id": "e-qKw65KZA",
            "original_height": 629,
            "original_width": 1225,
            "source": "$image",
            "to_name": "image",
            "type": "rectanglelabels",
            "value": {
              "height": 29.40779220779221,
              "rectanglelabels": [
                "DATE_O"
              ],
              "rotation": 0,
              "width": 181.43935414295376,
              "x": 890.1108323635744,
              "y": 133.96883116883117
            }
          },
          {
            "from_name": "answer",
            "id": "e-qKw65KZA",
            "original_height": 629,
            "original_width": 1225,
            "source": "$image",
            "to_name": "image",
            "type": "textarea",
            "value": {
              "height": 29.40779220779221,
              "rotation": 0,
              "text": [
                "106年12月15日"
              ],
              "width": 181.43935414295376,
              "x": 890.1108323635744,
              "y": 133.96883116883117
            }
          },
          {
            "from_name": "label",
            "id": "h_76oHEUHM",
            "original_height": 629,
            "original_width": 1225,
            "source": "$image",
            "to_name": "image",
            "type": "rectanglelabels",
            "value": {
              "height": 46.12987012987013,
              "rectanglelabels": [
                "AMOUNT_O"
              ],
              "rotation": 0,
              "width": 231.93333333333334,
              "x": 390.3666666666667,
              "y": 241.6051948051948
            }
          },
          {
            "from_name": "answer",
            "id": "h_76oHEUHM",
            "original_height": 629,
            "original_width": 1225,
            "source": "$image",
            "to_name": "image",
            "type": "textarea",
            "value": {
              "height": 46.12987012987013,
              "rotation": 0,
              "text": [
                "捌萬元整"
              ],
              "width": 231.93333333333334,
              "x": 390.3666666666667,
              "y": 241.6051948051948
            }
          },
          {
            "from_name": "label",
            "id": "7FTAdY3cxH",
            "original_height": 629,
            "original_width": 1225,
            "source": "$image",
            "to_name": "image",
            "type": "rectanglelabels",
            "value": {
              "height": 29.40779220779221,
              "rectanglelabels": [
                "S_AMOUNT_O"
              ],
              "rotation": 0,
              "width": 112.83243243243244,
              "x": 945.6337837837838,
              "y": 196.05194805194807
            }
          },
          {
            "from_name": "answer",
            "id": "7FTAdY3cxH",
            "original_height": 629,
            "original_width": 1225,
            "source": "$image",
            "to_name": "image",
            "type": "textarea",
            "value": {
              "height": 29.40779220779221,
              "rotation": 0,
              "text": [
                "80,000"
              ],
              "width": 112.83243243243244,
              "x": 945.6337837837838,
              "y": 196.05194805194807
            }
          },
          {
            "from_name": "label",
            "id": "R9_AAk5pbz",
            "original_height": 629,
            "original_width": 1225,
            "source": "$image",
            "to_name": "image",
            "type": "rectanglelabels",
            "value": {
              "height": 140.5038961038961,
              "rectanglelabels": [
                "NONNEGOT_I"
              ],
              "rotation": 0,
              "width": 40.833333333333336,
              "x": 705.6,
              "y": 321.85194805194806
            }
          },
          {
            "from_name": "label",
            "id": "DuqJ8NM95C",
            "original_height": 629,
            "original_width": 1225,
            "source": "$image",
            "to_name": "image",
            "type": "rectanglelabels",
            "value": {
              "height": 58.81558441558442,
              "rectanglelabels": [
                "SEAL_S"
              ],
              "rotation": 0,
              "width": 354.43333333333334,
              "x": 766.0333333333333,
              "y": 365.96363636363634
            }
          },
          {
            "from_name": "label",
            "id": "GKukVS0yNC",
            "original_height": 629,
            "original_width": 1225,
            "source": "$image",
            "to_name": "image",
            "type": "rectanglelabels",
            "value": {
              "height": 40.84415584415584,
              "rectanglelabels": [
                "PAY_TO_O"
              ],
              "rotation": 0,
              "width": 457.423448275862,
              "x": 395.22160919540227,
              "y": 182.98181818181817
            }
          },
          {
            "from_name": "answer",
            "id": "GKukVS0yNC",
            "original_height": 629,
            "original_width": 1225,
            "source": "$image",
            "to_name": "image",
            "type": "textarea",
            "value": {
              "height": 40.84415584415584,
              "rotation": 0,
              "text": [
                "新竹縣五峰鄉桃山國民小學"
              ],
              "width": 457.423448275862,
              "x": 395.22160919540227,
              "y": 182.98181818181817
            }
          }
        ]
      }
    ],
    "data": {
      "image": "/data/upload/e671fe1c1bd425d2d20ea9c5c0d17da5-sample.jpg"
    },
    "id": 0
  }
]