[
  {
    "completions": [
      {
        "created_at": 1595311707,
        "id": 1,
        "lead_time": 65.938,
        "result": [
          {
            "from_name": "label",
            "id": "eXlKQiBJAD",
            "original_height": 629,
            "original_width": 1225,
            "source": "$image",
            "to_name": "image",
            "type": "rectanglelabels",
            "value": {
              "height": 37.576623376623374,
              "rectanglelabels": [
                "DATE"
              ],
              "rotation": 0,
              "width": 181.3,
              "x": 891.8000000000001,
              "y": 132.33506493506493
            }
          },
          {
            "from_name": "label",
            "id": "veSXgvP9dX",
            "original_height": 629,
            "original_width": 1225,
            "source": "$image",
            "to_name": "image",
            "type": "rectanglelabels",
            "value": {
              "height": 39.95998639076285,
              "rectanglelabels": [
                "AMOUNT"
              ],
              "rotation": 0,
              "width": 228.7850124016244,
              "x": 393.4326049102989,
              "y": 244.08822279915034
            }
          },
          {
            "from_name": "answer",
            "id": "veSXgvP9dX",
            "original_height": 629,
            "original_width": 1225,
            "source": "$image",
            "to_name": "image",
            "type": "textarea",
            "value": {
              "height": 39.95998639076285,
              "rotation": 0,
              "text": [
                "捌萬元整"
              ],
              "width": 228.7850124016244,
              "x": 393.4326049102989,
              "y": 244.08822279915034
            }
          },
          {
            "from_name": "label",
            "id": "9XgKISTyd6",
            "original_height": 629,
            "original_width": 1225,
            "source": "$image",
            "to_name": "image",
            "type": "rectanglelabels",
            "value": {
              "height": 27.774025974025978,
              "rectanglelabels": [
                "S_AMOUNT"
              ],
              "rotation": 0,
              "width": 112.7,
              "x": 942.4333333333334,
              "y": 197.68571428571428
            }
          },
          {
            "from_name": "label",
            "id": "c3mPcEyYS9",
            "original_height": 629,
            "original_width": 1225,
            "source": "$image",
            "to_name": "image",
            "type": "rectanglelabels",
            "value": {
              "height": 143.77142857142857,
              "rectanglelabels": [
                "NONNEGOT"
              ],
              "rotation": 0,
              "width": 37.56666666666667,
              "x": 707.2333333333333,
              "y": 323.4857142857143
            }
          },
          {
            "from_name": "label",
            "id": "M1JxfkmGvl",
            "original_height": 629,
            "original_width": 1225,
            "source": "$image",
            "to_name": "image",
            "type": "rectanglelabels",
            "value": {
              "height": 45.74545454545454,
              "rectanglelabels": [
                "SEAL"
              ],
              "rotation": 0,
              "width": 364.23333333333335,
              "x": 764.4,
              "y": 375.76623376623377
            }
          },
          {
            "from_name": "label",
            "id": "Wbcy4Re3Hr",
            "original_height": 629,
            "original_width": 1225,
            "source": "$image",
            "to_name": "image",
            "type": "rectanglelabels",
            "value": {
              "height": 35.94285714285714,
              "rectanglelabels": [
                "PAY_TO"
              ],
              "rotation": 0,
              "width": 457.33333333333337,
              "x": 395.26666666666665,
              "y": 189.51688311688312
            }
          }
        ]
      }
    ],
    "data": {
      "image": "/data/upload/e671fe1c1bd425d2d20ea9c5c0d17da5-sample.jpg"
    },
    "id": 0
  }
]