[
  {
    "completions": [
      {
        "created_at": 1595385684,
        "id": 1,
        "lead_time": 4.001,
        "result": [
          {
            "from_name": "label",
            "id": "ShDmD37OlX",
            "original_height": 629,
            "original_width": 1225,
            "source": "$image",
            "to_name": "image",
            "type": "rectanglelabels",
            "value": {
              "height": 35.94285714285714,
              "rectanglelabels": [
                "AMOUNT"
              ],
              "rotation": 0,
              "width": 249.9000000000001,
              "x": 388.73333333333335,
              "y": 251.6
            }
          },
          {
            "from_name": "label",
            "id": "ys-29_mdps",
            "original_height": 629,
            "original_width": 1225,
            "source": "$image",
            "to_name": "image",
            "type": "rectanglelabels",
            "value": {
              "height": 22.87272727272727,
              "rectanglelabels": [
                "S_AMOUNT"
              ],
              "rotation": 0,
              "width": 125.7666666666667,
              "x": 935.9000000000003,
              "y": 199.31948051948052
            }
          },
          {
            "from_name": "label",
            "id": "whgiRSOKSz",
            "original_height": 629,
            "original_width": 1225,
            "source": "$image",
            "to_name": "image",
            "type": "rectanglelabels",
            "value": {
              "height": 145.40519480519484,
              "rectanglelabels": [
                "NONNEGOT"
              ],
              "rotation": 0,
              "width": 52.26666666666668,
              "x": 699.0666666666667,
              "y": 323.4857142857144
            }
          },
          {
            "from_name": "label",
            "id": "eeXT6n0-UK",
            "original_height": 629,
            "original_width": 1225,
            "source": "$image",
            "to_name": "image",
            "type": "rectanglelabels",
            "value": {
              "height": 73.51948051948052,
              "rectanglelabels": [
                "SEAL"
              ],
              "rotation": 0,
              "width": 365.8666666666668,
              "x": 772.5666666666667,
              "y": 361.06233766233765
            }
          },
          {
            "from_name": "label",
            "id": "b1-XlueYg8",
            "original_height": 629,
            "original_width": 1225,
            "source": "$image",
            "to_name": "image",
            "type": "rectanglelabels",
            "value": {
              "height": 35.94285714285714,
              "rectanglelabels": [
                "PAY_TO"
              ],
              "rotation": 0,
              "width": 475.3000000000002,
              "x": 383.8333333333333,
              "y": 189.51688311688306
            }
          },
          {
            "from_name": "label",
            "id": "sD7QzxKW0y",
            "original_height": 629,
            "original_width": 1225,
            "source": "$image",
            "to_name": "image",
            "type": "rectanglelabels",
            "value": {
              "height": 84.95584415584415,
              "rectanglelabels": [
                "S_AMOUNT"
              ],
              "rotation": 0,
              "width": 307.06666666666666,
              "x": 235.20000000000002,
              "y": 403.5402597402597
            }
          }
        ]
      }
    ],
    "data": {
      "image": "/data/upload/e671fe1c1bd425d2d20ea9c5c0d17da5-sample.jpg"
    },
    "id": 0,
    "predictions": []
  }
]