[
  {
    "completions": [
      {
        "created_at": 1595386396,
        "id": 1,
        "lead_time": 15.375,
        "result": [
          {
            "from_name": "label",
            "id": "HIrfQSNmw_",
            "original_height": 629,
            "original_width": 1225,
            "source": "$image",
            "to_name": "image",
            "type": "rectanglelabels",
            "value": {
              "height": 147.03896103896105,
              "rectanglelabels": [
                "NONNEGOT"
              ],
              "rotation": 0,
              "width": 11.433333333333337,
              "x": 702.3333333333336,
              "y": 315.3168831168831
            }
          },
          {
            "from_name": "label",
            "id": "mIEMPz5Nuj",
            "original_height": 629,
            "original_width": 1225,
            "source": "$image",
            "to_name": "image",
            "type": "rectanglelabels",
            "value": {
              "height": 119.26493506493507,
              "rectanglelabels": [
                "SEAL"
              ],
              "rotation": 0,
              "width": 380.56666666666666,
              "x": 769.3000000000001,
              "y": 349.6259740259741
            }
          },
          {
            "from_name": "label",
            "id": "tpXMWbRRuV",
            "original_height": 629,
            "original_width": 1225,
            "source": "$image",
            "to_name": "image",
            "type": "rectanglelabels",
            "value": {
              "height": 24.50649350649351,
              "rectanglelabels": [
                "PAY_TO"
              ],
              "rotation": 0,
              "width": 421.40000000000003,
              "x": 388.73333333333335,
              "y": 179.71428571428572
            }
          }
        ]
      }
    ],
    "data": {
      "image": "/data/upload/e671fe1c1bd425d2d20ea9c5c0d17da5-sample.jpg"
    },
    "id": 0,
    "predictions": []
  },
  {
    "completions": [
      {
        "created_at": 1595385990,
        "id": 1001,
        "lead_time": 38.812,
        "result": [
          {
            "from_name": "label",
            "id": "7aiyXD57Mu",
            "original_height": 218,
            "original_width": 457,
            "source": "$image",
            "to_name": "image",
            "type": "rectanglelabels",
            "value": {
              "height": 15.0,
              "rectanglelabels": [
                "DATE"
              ],
              "rotation": 0,
              "width": 102.0,
              "x": 289.99999999999994,
              "y": 32.0
            }
          },
          {
            "from_name": "label",
            "id": "cp1l5BR_jN",
            "original_height": 218,
            "original_width": 457,
            "source": "$image",
            "to_name": "image",
            "type": "rectanglelabels",
            "value": {
              "height": 75.0,
              "rectanglelabels": [
                "NONNEGOT"
              ],
              "rotation": 0,
              "width": 14.999999999999998,
              "x": 254.00000000000003,
              "y": 95.0
            }
          },
          {
            "from_name": "label",
            "id": "4Ph6QqNYS9",
            "original_height": 218,
            "original_width": 457,
            "source": "$image",
            "to_name": "image",
            "type": "rectanglelabels",
            "value": {
              "height": 13.333333333333336,
              "rectanglelabels": [
                "PAY_TO"
              ],
              "rotation": 0,
              "width": 34.15384615384615,
              "x": 135.92307692307693,
              "y": 49.83333333333334
            }
          },
          {
            "from_name": "label",
            "id": "f2TsyBICXA",
            "original_height": 218,
            "original_width": 457,
            "source": "$image",
            "to_name": "image",
            "type": "rectanglelabels",
            "value": {
              "height": 17.0,
              "rectanglelabels": [
                "S_AMOUNT"
              ],
              "rotation": 0,
              "width": 77.00000000000001,
              "x": 134.0,
              "y": 71.99999999999999
            }
          },
          {
            "from_name": "label",
            "id": "riQQ_n1qm1",
            "original_height": 218,
            "original_width": 457,
            "source": "$image",
            "to_name": "image",
            "type": "rectanglelabels",
            "value": {
              "height": 17.0,
              "rectanglelabels": [
                "AMOUNT"
              ],
              "rotation": 0,
              "width": 35.0,
              "x": 82.0,
              "y": 94.0
            }
          }
        ]
      }
    ],
    "data": {
      "image": "/data/upload/c421752ef2f4bb1634a30e29b854859d-The_Cheque_of_the_ChinaTrust.JPG"
    },
    "id": 1,
    "predictions": []
  }
]